,80%
MNXM1001_c,1.81796807585228e-06
MNXM1001_e,1.81796807585228e-06
MNXM10053_e,0.0
MNXM100_c,0.0009928390201585247
MNXM100_x,0.0
MNXM1013_c,7.452345651272524e-05
MNXM1013_e,7.452345651272524e-05
MNXM1014_e,0.0
MNXM1024_m,0.005838221430746921
MNXM1028_c,0.010273020603772937
MNXM1028_m,0.009935239409465627
MNXM1028_r,0.00033778119430731015
MNXM1028_x,0.009935239409465627
MNXM10347_c,500.0
MNXM10347_e,500.0
MNXM1034_m,0.0006818223670713492
MNXM103_c,500.00895877606206
MNXM103_e,0.0006005703599653636
MNXM103_l,500.00178435710166
MNXM103_m,1000.0017901733506
MNXM103_r,1000.012521432494
MNXM1043_c,0.00021923077075011613
MNXM1043_e,0.00021923077075011613
MNXM10441_e,0.0
MNXM1051_c,500.00599550691845
MNXM1055_r,0.0
MNXM105630_c,0.03924837409769075
MNXM105630_m,0.035602214728911924
MNXM105848_e,0.0
MNXM10631_n,0.0
MNXM10720_e,0.0
MNXM1083_c,0.0038192292318400822
MNXM1084_c,0.0038192292318400822
MNXM108_c,500.01315617854726
MNXM108_e,0.011770471685104502
MNXM108_r,500.00059975621883
MNXM108_x,0.0013540104673258726
MNXM10930_c,500.00850780032715
MNXM10930_e,500.0004909549746
MNXM10_c,2500.123248720478
MNXM10_m,0.150592874996315
MNXM10_r,0.000872504159649643
MNXM10_x,0.0060624055690761585
MNXM1106_c,0.001593006609610702
MNXM1106_m,0.0
MNXM11120_e,0.0
MNXM111_c,0.003945919908951775
MNXM111_e,500.00164569227104
MNXM111_m,0.0019632782122585013
MNXM1123_e,0.0
MNXM1131_c,500.0
MNXM113_c,1000.0203480233403
MNXM113_e,0.0
MNXM113_g,500.0000427194833
MNXM113_m,0.0
MNXM113_n,500.0
MNXM114070_c,0.0013602500264855164
MNXM114072_m,0.23668830436131602
MNXM114087_m,0.001593006609610702
MNXM11408_g,0.0
MNXM114091_m,0.03255135478501811
MNXM114114_c,7.452345651272524e-05
MNXM114114_e,7.452345651272524e-05
MNXM114141_m,0.0
MNXM114230_e,0.0
MNXM11427_e,0.0
MNXM11428_e,0.0
MNXM114412_c,0.00017144842087058007
MNXM114412_e,0.0
MNXM114515_r,0.0
MNXM114515_x,0.0
MNXM11476_c,0.00021923077075011613
MNXM11476_e,0.00021923077075011613
MNXM11479_m,0.0004033383592359201
MNXM11480_m,0.0004033383592359201
MNXM114_c,500.050634661545
MNXM114_e,0.0731806142721127
MNXM114_l,0.0003916272724775615
MNXM114_m,500.03504928998734
MNXM11520_e,0.0
MNXM1154_c,500.00265537538183
MNXM1154_m,500.0
MNXM1155_e,0.0
MNXM11615_g,0.0
MNXM11616_g,0.0
MNXM11629_e,0.0
MNXM11641_g,0.0
MNXM11643_g,0.0
MNXM11645_g,0.0004036780932130861
MNXM11646_g,0.000403678093213086
MNXM11679_g,0.0
MNXM11714_c,0.0
MNXM11715_c,0.0
MNXM11716_e,0.0
MNXM11717_e,0.0
MNXM11725_e,0.0
MNXM11730_g,0.00015771120395097232
MNXM11731_g,0.00015771120395097205
MNXM117467_e,0.0
MNXM117_c,0.007068352612736289
MNXM117_e,0.005685649866994928
MNXM117_m,0.002765405491482721
MNXM11807_c,500.0
MNXM11807_r,500.0
MNXM1180_c,0.00011713662091861736
MNXM11834_l,0.0016739183258040235
MNXM1183_e,0.0
MNXM11843_e,0.0
MNXM11849_g,0.0
MNXM118_c,500.00178285690197
MNXM118_e,0.0
MNXM118_m,500.00053972253266
MNXM1197_c,3.0784988838847646e-06
MNXM1197_e,3.0784988838847646e-06
MNXM11999_l,0.001391668045314132
MNXM119_c,0.0023237706997914012
MNXM119_e,0.004862400351507262
MNXM11_c,1500.07061392938
MNXM11_e,0.0029450004204257018
MNXM11_m,500.03571099503876
MNXM11_n,500.00264958853614
MNXM11_r,0.004260324040989252
MNXM11_x,500.00104672924823
MNXM12000_l,0.001391668045314132
MNXM12001_l,0.0013916680453141322
MNXM12002_l,0.0014308626131775562
MNXM12003_l,0.0014308626131775562
MNXM12004_l,3.919456786342511e-05
MNXM12005_l,3.919456786342511e-05
MNXM12006_l,3.9194567863424894e-05
MNXM12007_g,0.00017357454187872517
MNXM12009_g,0.0001735745418787247
MNXM12011_g,0.0
MNXM12012_g,0.00017357454187872517
MNXM12014_g,0.00017357454187872496
MNXM12016_g,0.00017357454187872474
MNXM12019_g,0.00017357454187872496
MNXM12021_g,0.00017357454187872496
MNXM12023_g,0.00017357454187872474
MNXM12025_g,0.00017357454187872496
MNXM12026_g,0.00017357454187872517
MNXM1214_c,0.0009921111937881459
MNXM121_c,500.0447310424322
MNXM121_e,500.00417849713864
MNXM121_n,0.0
MNXM1226_c,0.003885132381823328
MNXM1229_c,500.0083536806935
MNXM1229_e,500.00033942172115
MNXM1230_c,0.0001939719492534165
MNXM1230_e,9.698597462670824e-05
MNXM1241_m,0.0
MNXM12466_e,0.0
MNXM12471_g,2.6101964125165283e-05
MNXM12472_g,0.0
MNXM124_c,0.00040706510332820696
MNXM124_e,0.0
MNXM12526_e,0.0
MNXM12527_e,0.0
MNXM1253_c,0.005350275415921282
MNXM1255_c,0.013750501699619083
MNXM12597_e,0.0
MNXM125_c,0.02032226041871565
MNXM125_e,0.0
MNXM126241_e,0.0
MNXM12647_c,0.0007030196134380224
MNXM12672_c,0.0
MNXM126_c,0.03671495997009258
MNXM126_m,0.0
MNXM127273_e,0.0
MNXM12733_c,1000.0
MNXM12747_c,0.0
MNXM12766_c,3.0784988838847646e-06
MNXM12766_e,3.0784988838847646e-06
MNXM1277_m,0.00583822143074692
MNXM127_c,0.008135710496424298
MNXM127_e,0.003174140817787101
MNXM127_r,0.0
MNXM1280_m,0.0022371653946741663
MNXM1282_c,1000.0145166729861
MNXM1288_c,0.0004701586805993262
MNXM1289_c,0.04572687413104502
MNXM1289_m,0.02913485585069384
MNXM1289_x,0.02913485585069384
MNXM128_c,0.0017032155603703607
MNXM128_e,500.0017032155604
MNXM12938_g,0.0
MNXM1294_c,0.02507406668742858
MNXM12953_e,0.0
MNXM12955_c,1000.0007032253858
MNXM12955_e,500.0001096153854
MNXM12955_l,0.0011872200008267429
MNXM12955_r,500.0010244756221
MNXM12964_c,500.0
MNXM12964_x,500.0
MNXM12967_c,0.0
MNXM12967_e,0.0
MNXM12985_c,500.0
MNXM12985_e,500.0
MNXM12996_e,0.0
MNXM12997_e,0.0
MNXM12998_e,0.0
MNXM12999_e,0.0
MNXM129_c,500.0059292393713
MNXM129_e,500.0007805582618
MNXM12_c,2000.0705655264198
MNXM12_g,500.0
MNXM12_l,500.0179227400961
MNXM12_m,500.10848023414144
MNXM12_r,0.003832551245246422
MNXM12_x,500.01530230523105
MNXM13045_e,0.0
MNXM1319_g,0.0
MNXM131_c,0.1829109957909493
MNXM131_e,0.0
MNXM131_m,0.20623311917234335
MNXM1320_c,500.0046052222072
MNXM1320_e,0.004605222207177446
MNXM1320_m,5.856831045930867e-05
MNXM1322_e,0.0
MNXM13247_g,0.0
MNXM132_c,0.0009928390201585247
MNXM132_x,0.0
MNXM1331_c,1000.0
MNXM1331_e,0.0
MNXM1337_c,3.0784988838847646e-06
MNXM1337_e,3.0784988838847646e-06
MNXM133_c,0.00412110936892715
MNXM133_m,0.002001871131289683
MNXM13407_g,0.0
MNXM1341_c,0.0016813672166368424
MNXM1341_e,0.0
MNXM134_c,0.020853883957828067
MNXM134_e,0.04463360671743406
MNXM134_l,0.00022957895994236445
MNXM134_m,0.0001387150725899601
MNXM1354_c,0.0037452151536983445
MNXM135_c,1000.0014496285341
MNXM135_e,0.0014064507715436589
MNXM135_r,1000.0003876878591
MNXM1369_c,0.0020379663682565125
MNXM1369_e,0.0020379663682565125
MNXM1369_r,0.0
MNXM1372_c,0.0
MNXM13802_r,0.0
MNXM13807_e,0.00047428209710647957
MNXM1383_c,0.0008689332890225701
MNXM1383_e,0.0008689332890225701
MNXM1389_c,0.000802804653899112
MNXM138_c,0.0
MNXM1392_e,0.0
MNXM1392_m,0.0006197138155101948
MNXM1399_c,1000.0
MNXM1399_m,500.0
MNXM1399_r,500.0
MNXM13_c,2500.069437338165
MNXM13_e,1000.0032185391785
MNXM13_m,500.12176698635847
MNXM13_r,1000.0020219024848
MNXM13_x,500.01531273927986
MNXM140_c,500.0532380253507
MNXM140_e,0.06985280284529452
MNXM140_l,0.0
MNXM140_m,500.00568336511355
MNXM141_c,0.0030917503665589237
MNXM141_g,0.0052468768173182505
MNXM141_n,0.0021551264507860247
MNXM142_c,0.09007146969100552
MNXM142_e,0.11350801969100552
MNXM142_l,0.0
MNXM142_m,0.0
MNXM143_c,0.004555240836090848
MNXM143_e,0.0
MNXM143_l,0.0038398095295020707
MNXM1445_e,0.0
MNXM1449_c,500.0
MNXM1449_x,500.0
MNXM144_c,1000.0020698735341
MNXM144_e,500.0011301389798
MNXM144_m,500.00016247858736
MNXM14550_x,7.424428152391063e-05
MNXM145523_c,1500.0847010212005
MNXM145523_e,0.07713673991265288
MNXM145523_m,0.026536785581363187
MNXM145560_c,0.006905046974182521
MNXM145598_c,500.0004585861202
MNXM145598_e,0.0002192307707018914
MNXM145598_r,500.00023935534955
MNXM145630_c,0.0063866164850435855
MNXM145630_e,0.0
MNXM145630_m,0.0
MNXM145923_l,0.0
MNXM145_c,500.0149485278579
MNXM145_r,500.0017736927298
MNXM146054_c,0.0008870680066770768
MNXM146222_l,0.0
MNXM146252_c,0.0
MNXM146307_m,0.0029908730679692203
MNXM146308_r,0.0004964195100792624
MNXM146350_m,0.0029908730679692203
MNXM146468_c,0.00040706510332820696
MNXM146487_c,0.026320694443925804
MNXM146507_r,0.03169159678528566
MNXM146564_e,0.0
MNXM146565_e,0.0
MNXM1465_e,0.0
MNXM146651_c,0.0
MNXM146651_e,0.0
MNXM146866_n,0.0
MNXM146867_e,0.0
MNXM147029_c,0.00021923077075011613
MNXM147029_e,0.00021923077075011613
MNXM147029_r,0.0004308656216980341
MNXM147044_c,9.204977521890052e-05
MNXM147044_m,9.204977521890052e-05
MNXM147072_c,0.001057854177530798
MNXM147123_c,9.204977521890052e-05
MNXM147123_m,9.204977521890052e-05
MNXM147296_g,500.0014373122342
MNXM147296_l,500.0007154313066
MNXM147338_e,0.0
MNXM147340_e,0.0
MNXM147467_c,0.00021923077075011613
MNXM147467_e,0.00021923077075011613
MNXM147791_c,0.00047467599967099174
MNXM147_c,0.09359121360086792
MNXM147_e,0.11567104615974655
MNXM147_l,0.0
MNXM147_m,0.002108229197579116
MNXM1481_c,0.0
MNXM1484_e,0.0
MNXM148_c,0.009104770582845437
MNXM148_m,0.00178172089309101
MNXM1491_c,1000.0
MNXM149_c,0.00022463163319108765
MNXM149_e,0.00022463163319108765
MNXM14_c,1000.0443327753748
MNXM14_e,0.01131375705069216
MNXM14_m,0.001559682016383171
MNXM14_r,500.00163374251053
MNXM14_x,500.0015624241103
MNXM150_c,0.0008141302066564139
MNXM150_e,0.0
MNXM151_c,500.0120711231893
MNXM151_e,0.01116819006609146
MNXM151_m,0.0015414801111827822
MNXM152_c,0.01208543418642719
MNXM152_e,0.0
MNXM152_m,0.009541925809442965
MNXM1530_e,0.0
MNXM1543_g,4.27194832919673e-05
MNXM154_c,1000.01716967537
MNXM154_e,0.012725182480996215
MNXM154_m,500.00125118464655
MNXM154_x,500.0015980943283
MNXM1560_c,0.0010631422352666796
MNXM1560_e,0.0010631422352666796
MNXM1564_c,0.0
MNXM156_c,0.0005572815888622393
MNXM156_e,0.0005572815888622393
MNXM157161_e,0.0
MNXM1572_c,0.0
MNXM1572_m,500.02114760665773
MNXM157_c,0.0
MNXM157_e,0.0
MNXM158_c,0.0003011153107587113
MNXM158_e,0.0
MNXM15900_c,0.009795586512877257
MNXM159_c,0.0005190232371686167
MNXM159_m,0.0002562949148378434
MNXM160_c,0.028278588165514332
MNXM160_r,0.013943711046589747
MNXM1617_c,0.0
MNXM1617_m,0.035049289987352614
MNXM161_c,0.0034783053757076964
MNXM161_e,0.0
MNXM1633_c,0.0028688656757180128
MNXM1633_m,0.003170599886764796
MNXM163_e,0.0
MNXM1646_e,0.0
MNXM164_m,0.0
MNXM16535_c,8.511266376455918e-05
MNXM1653_e,0.0
MNXM165_e,0.0
MNXM1663_m,0.0005773025571531483
MNXM1671_m,0.0
MNXM167_e,0.0
MNXM1680_e,0.0
MNXM16840_g,0.0
MNXM16841_g,0.0
MNXM16842_g,0.0
MNXM168_c,0.0035826543663063926
MNXM168_e,0.001943510619595249
MNXM1695_e,0.0
MNXM16_c,2500.0045098015926
MNXM16_m,500.0001973416728
MNXM16_r,500.00015426504746
MNXM1715_c,500.00074994563147
MNXM1715_n,500.0
MNXM17161_r,0.0
MNXM17162_r,0.0
MNXM1721_c,500.0
MNXM1721_m,500.0
MNXM172_m,0.0003249571746868812
MNXM173_c,4500.030821784872
MNXM173_e,1.3157066992184625e-05
MNXM173_m,500.03026106022264
MNXM173_r,3500.0006203143066
MNXM173_x,0.01337305177867659
MNXM1744_c,0.013750501699619083
MNXM1747_m,0.0
MNXM174_c,0.01738470835658096
MNXM174_x,0.00011971797144789151
MNXM17507_r,0.0
MNXM175_c,0.006434936216669072
MNXM175_e,0.0025727935212381333
MNXM1774_e,0.0
MNXM1774_x,0.00098816093777917
MNXM1779_e,0.0
MNXM1793_c,500.01741782123486
MNXM179_c,0.16657744766112778
MNXM179_e,0.08515785095113627
MNXM179_m,0.010339438235180914
MNXM179_x,0.0039518565309676216
MNXM17_c,500.05109709513937
MNXM17_e,0.004029695850186836
MNXM17_g,0.012119171979079123
MNXM17_l,500.0007154313066
MNXM17_n,0.0
MNXM17_r,0.0021167362749840964
MNXM1804_r,500.00024820975506
MNXM18092_g,0.0
MNXM1820_e,0.0
MNXM182_c,0.005522959617796224
MNXM182_e,0.005522959617796224
MNXM18331_e,0.0
MNXM1833_e,0.0
MNXM183_c,0.008140433509944527
MNXM183_m,0.005274953972311111
MNXM1848_c,500.00786622782914
MNXM1848_m,0.002616287433945713
MNXM1848_r,0.0004308656216980341
MNXM1848_x,500.0000371221408
MNXM184_c,0.0012445852691897559
MNXM1850_c,500.0023256549137
MNXM1850_e,0.0
MNXM1850_m,0.0001028433649863257
MNXM1850_r,500.0000514216825
MNXM186_c,0.016722220587672643
MNXM187_c,500.00365439422154
MNXM187_r,0.0
MNXM188_c,9.178495724660092e-06
MNXM188_e,0.0
MNXM189_c,0.008495686991807326
MNXM189_m,0.0
MNXM1915_c,0.012926675129935991
MNXM1927_c,500.0
MNXM1927_r,500.0
MNXM192_c,500.04617869472173
MNXM192_e,0.03052557640958527
MNXM192_m,500.05694952049765
MNXM192_n,0.0
MNXM193_c,8.54389665839346e-05
MNXM193_g,8.54389665839346e-05
MNXM194_c,1000.0130013774994
MNXM194_n,500.0000747023695
MNXM1950_c,1.100925054666606e-05
MNXM1950_e,1.100925054666606e-05
MNXM196_c,0.003575444520241749
MNXM196_e,500.00275105101036
MNXM197_c,1000.0035498132147
MNXM197_m,500.00102679817405
MNXM197_x,500.0015980943283
MNXM1989_m,0.003170599886764796
MNXM198_e,0.0
MNXM199_c,500.04765175453
MNXM199_e,0.0655092724613476
MNXM199_l,0.0
MNXM199_m,500.00568336511355
MNXM19_c,2500.0036956713857
MNXM19_e,0.0
MNXM19_m,500.0001973416728
MNXM19_r,500.00015426504746
MNXM1_c,7501.2257308517665
MNXM1_e,1500.160463976738
MNXM1_g,500.0136598011322
MNXM1_i,0.24913426566707403
MNXM1_l,0.008782679797086102
MNXM1_m,1000.9203862964307
MNXM1_n,0.0004944620853503834
MNXM1_r,4500.062006693003
MNXM1_x,500.04352201734895
MNXM2026_c,0.0012445852691897567
MNXM2028_c,500.0057113274522
MNXM2028_e,0.0013408403914506872
MNXM2028_g,500.0000514216825
MNXM2028_m,0.0001028433649863257
MNXM2028_r,0.0001028433649863257
MNXM203_c,1000.0009761059125
MNXM203_l,500.0008028046539
MNXM203_r,500.00017330125854
MNXM2053_c,0.0001624785873434406
MNXM2053_e,0.0
MNXM2053_m,0.0003249571746868812
MNXM205_c,0.002868865675718012
MNXM205_e,0.00022976138683364605
MNXM2063_c,0.0014724513398912445
MNXM20_c,500.20968018359906
MNXM20_e,0.05110846709981784
MNXM20_m,0.2260170911742953
MNXM20_x,500.01456742792533
MNXM210_c,0.000992111193788146
MNXM2111_e,0.0
MNXM211_c,0.014226648298189041
MNXM211_e,0.011220240989148
MNXM211_m,0.002626690418892761
MNXM2128_e,0.0
MNXM212_c,0.02174460444438493
MNXM212_e,0.01928269474767007
MNXM212_m,0.0015596820163831715
MNXM213_c,0.004289479842920104
MNXM213_e,0.0
MNXM213_x,3.99059904826305e-05
MNXM2140_g,0.0005444176353247513
MNXM2148_e,0.0
MNXM214_m,0.0011072348905805424
MNXM216_c,0.00043882088486115026
MNXM216_e,0.0025
MNXM2172_c,0.00011688747271583029
MNXM2172_e,0.0
MNXM2179_c,0.0018810807750253968
MNXM217_e,0.0
MNXM21840_e,0.0
MNXM218_c,0.0011818266373791854
MNXM21_c,0.014281571501276227
MNXM21_g,0.0
MNXM21_m,0.05279619565872605
MNXM21_r,0.00033778119430731015
MNXM21_x,0.009724071602978139
MNXM2200_r,0.0
MNXM2209_c,0.011611880823279812
MNXM220_c,0.0243316753295095
MNXM220_e,0.0
MNXM220_m,0.00010284336498632331
MNXM220_n,0.0
MNXM2214_c,0.0009919294489129286
MNXM2215_e,0.0
MNXM22166_e,0.0
MNXM222_c,0.0
MNXM222_x,0.0
MNXM22451_c,1.81796807585228e-06
MNXM22451_e,1.81796807585228e-06
MNXM224_c,0.0
MNXM224_m,0.002721163696906703
MNXM224_x,0.0006818223670713493
MNXM2261_c,1000.0
MNXM2265_c,1.8356991449320163e-05
MNXM2279_c,0.01009889840384479
MNXM2279_m,500.001308143717
MNXM227_c,500.0036734319137
MNXM227_l,0.001430862613177557
MNXM227_n,0.0021551264507860247
MNXM2282_e,0.0
MNXM2288_c,500.00113838800803
MNXM2288_e,0.001132719796281763
MNXM2288_x,500.0000529000987
MNXM228_c,500.0
MNXM228_e,500.0
MNXM229_c,1500.0009011286195
MNXM229_g,500.0
MNXM229_l,500.0008028046539
MNXM22_c,500.0259459485258
MNXM22_e,500.0111681900661
MNXM22_m,0.011779669273746168
MNXM22_x,0.009403199856619079
MNXM231_c,500.04854698772726
MNXM231_e,0.06867216978137927
MNXM231_l,0.0
MNXM231_m,500.00568336511355
MNXM233_c,0.00016889059715365518
MNXM233_m,0.0028900542940603607
MNXM233_x,0.00033778119430731
MNXM234_c,0.022057023592544734
MNXM234_m,0.002777952972916933
MNXM2351_c,0.00018409955043780104
MNXM2351_m,0.00018409955043780104
MNXM235_c,0.0
MNXM235_e,0.0
MNXM236_c,0.001488201029591268
MNXM236_e,0.001488201029591268
MNXM2378_c,0.02484546593723381
MNXM2379_e,0.0
MNXM237_c,1000.0089097224972
MNXM237_e,0.0
MNXM237_l,500.003496214879
MNXM237_m,500.0008422592137
MNXM2387_c,0.013750501699619083
MNXM238_c,0.00537944706846073
MNXM238_e,0.0
MNXM238_m,0.005987283158652548
MNXM2390_c,0.0
MNXM239_r,0.0
MNXM23_c,1000.119424678571
MNXM23_e,0.029011863548031362
MNXM23_m,500.01042033812536
MNXM23_x,0.005401343768796196
MNXM2403_c,500.0043976957512
MNXM2403_e,0.0
MNXM2403_r,0.0003074217550613045
MNXM2408_e,0.0
MNXM2416_c,0.007285453012002314
MNXM241_c,0.0016739183258040237
MNXM241_l,0.003347836651608047
MNXM241_r,500.0
MNXM2428_e,0.0
MNXM24297_c,0.0004756551021607054
MNXM242_e,0.0
MNXM243_c,0.001291280696484434
MNXM243_e,0.00022262637010767426
MNXM244_m,0.0018203937086779755
MNXM2456_c,0.01134717390272318
MNXM24578_c,0.0012445852691897567
MNXM2459_c,500.0
MNXM2459_e,0.0
MNXM2459_r,500.0
MNXM245_m,0.0032899902664498756
MNXM2474_e,0.0
MNXM2484_c,0.000496055596894073
MNXM2484_m,0.003150103771894369
MNXM2494_r,0.000496419510079258
MNXM250_c,0.008391825293514236
MNXM250_e,0.0032431441840106837
MNXM252_c,0.0
MNXM2544_g,0.0
MNXM254_e,0.0
MNXM255_c,0.0024414742688086966
MNXM256_c,0.0016813672166368424
MNXM256_m,0.0022057880924569086
MNXM2576_c,0.0012445852691897567
MNXM257_c,500.0098295361686
MNXM257_e,0.0
MNXM257_m,500.00158653718887
MNXM25811_e,0.0
MNXM258_c,0.018530170072133686
MNXM259_c,0.0028592466314505444
MNXM259_e,0.0
MNXM25_c,500.1353461110874
MNXM25_e,4.010546855345138e-06
MNXM25_m,0.14043519222018744
MNXM25_x,500.00004025212996
MNXM2608_e,0.0
MNXM260_c,0.0004518016891500061
MNXM2618_e,0.0
MNXM261_c,0.035761611476839296
MNXM2626_c,0.011611880823279812
MNXM262_c,1.81796807585228e-06
MNXM262_e,1.81796807585228e-06
MNXM263_c,0.0006403012334634857
MNXM263_m,0.0011072348905805432
MNXM264_m,0.0
MNXM2668_c,0.0
MNXM2668_e,0.0
MNXM266_c,0.028179822512585585
MNXM266_n,0.0
MNXM268_c,500.00087376806204
MNXM268_m,500.00023346682855
MNXM2693_m,0.0
MNXM26_c,1000.0184807881811
MNXM26_e,500.01273024111816
MNXM26_m,500.0
MNXM270_c,500.0023237706998
MNXM270_e,500.0073590191925
MNXM2711_c,0.014889107684461857
MNXM271_c,0.0334351769812649
MNXM2723_c,500.000880020353
MNXM2723_e,500.0028854972948
MNXM272_c,0.001909614615920041
MNXM272_m,0.0
MNXM272_r,0.0004308656216980341
MNXM272_x,0.0015718334216127286
MNXM2741_c,0.00012326517987035923
MNXM2741_e,0.00012326517987035923
MNXM2747_x,0.00011713662091861763
MNXM2748_x,0.0
MNXM274_c,0.00858835987473891
MNXM274_e,0.0
MNXM275_c,0.00849108035125308
MNXM2768_c,0.0008870680066770762
MNXM279_c,0.005043864168846816
MNXM279_e,0.002741535611082653
MNXM27_c,1500.8208530930665
MNXM27_e,1500.8200474082284
MNXM27_x,500.00080568483617
MNXM2800_c,500.0
MNXM2800_x,500.0
MNXM2812_c,0.002993993513142985
MNXM2812_g,0.0
MNXM2812_l,0.0016056093078304912
MNXM2812_r,0.0013079208156080704
MNXM281_c,1000.0067806022598
MNXM281_e,0.0
MNXM281_l,500.003503238467
MNXM281_m,500.0021935386219
MNXM282_c,500.0036586618975
MNXM282_e,0.0019887239146371086
MNXM282_x,0.001717169869687623
MNXM283_c,0.000836974997090641
MNXM283_r,0.0
MNXM2840_c,0.00047467599967099163
MNXM2857_c,1000.0077734992498
MNXM2857_g,500.0000514216825
MNXM2857_m,0.0001028433649863257
MNXM2857_r,500.0000514216825
MNXM285_c,0.0014265253565634989
MNXM285_e,0.0
MNXM2868_e,0.0
MNXM286_c,500.02408009354275
MNXM286_m,500.0041745925417
MNXM286_n,500.000065915
MNXM287_c,0.0028375092879858507
MNXM288_c,0.010095767075681042
MNXM288_e,0.004949044956856383
MNXM289_c,500.0000514216825
MNXM289_e,0.0
MNXM289_m,500.0000514216825
MNXM29072_c,0.0012445852691897567
MNXM291_c,0.11019434442819122
MNXM291_e,0.002443915045675549
MNXM291_m,0.10637449763908141
MNXM292_r,0.0004964195100792624
MNXM2931_c,500.00143443283787
MNXM2931_e,500.0
MNXM2947_c,0.0
MNXM294_c,500.0
MNXM294_e,0.0
MNXM294_r,500.0
MNXM295_c,0.02056844235076147
MNXM2972_e,0.0
MNXM2976_c,0.0005936100004133714
MNXM2976_e,0.0005936100004133714
MNXM298_c,0.022046723283004322
MNXM299_c,500.00147583412803
MNXM299_e,500.0
MNXM29_c,2000.066966582492
MNXM29_e,0.06868538825210999
MNXM29_l,0.00042033253055880597
MNXM29_m,500.01783879739725
MNXM29_x,500.0
MNXM2_c,6000.615659875331
MNXM2_e,500.1038160151136
MNXM2_g,500.006111007672
MNXM2_l,500.09449710989634
MNXM2_m,500.26519531354404
MNXM2_n,500.0003392808179
MNXM2_r,1500.0154664768365
MNXM2_x,500.01186769077805
MNXM300_c,8.388662942019368e-05
MNXM300_e,0.0
MNXM300_m,0.00018672999438383727
MNXM302_c,500.011162486325
MNXM302_r,500.00017330125854
MNXM303_e,0.0
MNXM304_c,500.0043800010885
MNXM304_e,0.006787951313282621
MNXM304_m,0.00018409955043793908
MNXM304_n,500.0000920497752
MNXM305_c,0.0
MNXM305_m,0.022060472828145848
MNXM306_c,0.0017074318003413842
MNXM306_e,0.0017074318003413842
MNXM306_r,0.0004308656216980341
MNXM3074_c,0.00833888466675656
MNXM3074_m,0.009935239409465627
MNXM3074_x,0.0015963547426736113
MNXM307_c,0.0
MNXM307_e,0.0
MNXM307_r,0.0
MNXM309_c,500.00022410710847
MNXM309_n,500.0000747023695
MNXM30_c,500.0248550023638
MNXM30_e,0.0
MNXM30_g,500.0000427194833
MNXM30_m,0.0033806947056012945
MNXM30_n,0.0
MNXM310_c,0.027168040893143765
MNXM310_e,0.0
MNXM311_c,0.0034783053757076964
MNXM311_e,0.0025
MNXM314_c,0.00098816093777917
MNXM314_e,0.0006036958542646431
MNXM31772_c,0.0024414742688086966
MNXM31772_e,0.0
MNXM31869_c,0.0028688656757180128
MNXM31869_e,0.0
MNXM318_c,500.00217317961983
MNXM318_e,500.0008792757138
MNXM319_c,0.0007817515594993902
MNXM31_c,0.036038367160136094
MNXM31_e,0.0
MNXM31_g,0.0052468768173182505
MNXM31_m,5.1421682493161223e-05
MNXM31_n,0.0
MNXM31_r,0.0
MNXM3210_e,0.0
MNXM321_c,0.0008141302066564136
MNXM322_c,0.0
MNXM322_e,0.0025
MNXM323_c,0.014261899256176906
MNXM323_e,0.0
MNXM323_m,0.013765843659282833
MNXM3240_c,0.0
MNXM325_c,0.011740358909057119
MNXM325_r,0.0035473854595551805
MNXM327_c,500.00151573218596
MNXM327_r,500.00052271782795
MNXM32863_c,500.00023733799986
MNXM32863_e,500.0
MNXM3287_m,0.003170599886764796
MNXM328_m,0.0010794450653269952
MNXM3297_c,0.001406450771576859
MNXM3297_e,0.001406450771576859
MNXM329_c,500.0058059404116
MNXM329_e,0.0
MNXM32_c,0.16319022339654732
MNXM32_e,0.16116460859540074
MNXM32_l,0.0009604515031715173
MNXM32_m,0.0021859856367813764
MNXM3305_c,500.0
MNXM3305_e,500.0
MNXM330_e,0.0
MNXM3315_c,0.004979377298277791
MNXM33222_c,0.00033778119430731015
MNXM33222_m,0.00033778119430730993
MNXM332_c,0.0004557233793003796
MNXM333_c,0.002978517060475569
MNXM333_x,0.0014892585302377845
MNXM3342_c,500.0004940804689
MNXM3342_x,500.00148224140673
MNXM3344_c,0.00010438861256190165
MNXM3344_e,0.00010438861256190165
MNXM334_c,0.007884208033133354
MNXM334_e,0.005190960979013792
MNXM336_c,0.010513761136802283
MNXM3383_m,0.003170599886764796
MNXM338_c,0.017264990385133072
MNXM338_e,0.0
MNXM338_m,5.1421682493161223e-05
MNXM3395_x,0.0
MNXM33_c,1000.0014631130987
MNXM33_e,500.000003381159
MNXM33_m,0.017022152529740504
MNXM33_r,0.0014631130986596725
MNXM33_x,500.0
MNXM340_c,0.004172365279194298
MNXM3414_c,0.0001945381005788412
MNXM3428_c,0.007237280897078532
MNXM3428_e,0.0
MNXM3428_l,0.006992429758091353
MNXM3428_m,0.00023080396313595371
MNXM3429_c,0.006992429758091353
MNXM3429_e,0.0
MNXM3429_l,0.006992429758091353
MNXM3429_m,0.0
MNXM342_c,0.0
MNXM342_m,0.005324931173938963
MNXM342_x,0.0007560666485952603
MNXM344_c,500.0194526886818
MNXM344_e,0.0
MNXM344_m,0.004174592541631298
MNXM344_n,500.00004949
MNXM34582_e,0.0
MNXM345_c,0.0063866164850435855
MNXM346_m,0.0039265564245495295
MNXM3473_m,0.003170599886764796
MNXM347_r,0.0
MNXM3480_m,0.0022057880924569086
MNXM348_e,0.0
MNXM34_c,500.00049641951006
MNXM34_r,1000.00049641951
MNXM34_x,500.0
MNXM351_c,500.0019632782123
MNXM351_m,500.0019632782123
MNXM3537_g,0.0
MNXM35388_e,0.0
MNXM353_c,0.04165886854953743
MNXM353_e,0.04165886854953743
MNXM35459_e,0.0
MNXM355_c,1000.0003219334121
MNXM355_n,500.0001725286732
MNXM356_c,0.012511846465695234
MNXM356_e,0.012511846465695234
MNXM35720_e,0.0
MNXM357_e,0.0
MNXM358_c,500.00141874621136
MNXM358_e,0.0
MNXM358_r,500.00053012046595
MNXM359_c,0.0
MNXM360_c,500.026690289477
MNXM360_m,0.0035782221785411127
MNXM360_n,500.00004721
MNXM3615_c,0.007006476933905005
MNXM3615_e,0.0
MNXM3615_l,0.007006476933905005
MNXM3615_m,0.0
MNXM3616_c,0.007006476933905005
MNXM3616_e,0.0
MNXM3616_l,0.007006476933905005
MNXM3616_m,0.0
MNXM362_e,0.0007154313065887782
MNXM362_g,0.0005245466141913799
MNXM3634_e,0.0
MNXM36392_r,0.000496419510079258
MNXM363_c,0.0
MNXM363_m,0.002721163696906703
MNXM363_x,0.0006818223670713493
MNXM3648_e,0.0
MNXM36499_e,0.0
MNXM364_c,0.005692142048538891
MNXM364_e,0.005536766666713098
MNXM36524_e,0.0
MNXM36578_e,0.0
MNXM3659_c,0.0
MNXM3659_e,0.0
MNXM365_c,0.002689310008109004
MNXM365_e,0.0
MNXM366_c,0.0034783053757076964
MNXM367_c,0.0
MNXM3681_e,0.0
MNXM3687_c,0.007006476933905005
MNXM3687_e,0.0
MNXM3687_l,0.007006476933905005
MNXM3687_m,0.0
MNXM369_c,500.00037497281573
MNXM369_n,500.0
MNXM370_c,0.01141591877554501
MNXM37161_c,500.00016889059714
MNXM37161_x,0.00033778119429141596
MNXM3717_g,0.002874624468359261
MNXM3717_l,0.0007154313065887781
MNXM3739_c,500.0
MNXM3739_e,500.0
MNXM373_c,0.0014256183818408229
MNXM373_m,0.0
MNXM37476_e,0.0
MNXM374_c,0.029844696669796826
MNXM374_m,500.0088936537007
MNXM374_n,0.0
MNXM37524_e,0.0
MNXM37570_e,0.0
MNXM375_c,0.0
MNXM375_r,0.0
MNXM37815_e,0.0
MNXM379_c,0.0015022147733663321
MNXM37_c,0.13289880579546068
MNXM37_e,0.35861631984539005
MNXM37_l,0.0
MNXM37_m,0.001197804037849688
MNXM382_m,0.0011072348905805428
MNXM3838_m,0.0
MNXM384_m,0.0004669336571170576
MNXM385_c,1000.0
MNXM385_m,500.0
MNXM385_r,500.0
MNXM3863_c,500.00021369570345
MNXM3863_e,500.0
MNXM3867_e,0.0
MNXM386_e,0.0
MNXM388_c,0.002689310008109004
MNXM3898_e,0.0
MNXM389_m,5.172521687469081e-05
MNXM38_c,500.0014631130987
MNXM38_m,0.017022152529740504
MNXM38_r,0.0014631130986596725
MNXM38_x,500.0
MNXM391_c,500.0017789105664
MNXM391_e,0.0
MNXM391_r,500.00017330125854
MNXM39201_c,1000.0
MNXM39201_e,500.0
MNXM39201_r,500.0
MNXM3926_e,0.0
MNXM3926_l,0.0016739183258040235
MNXM392_c,0.01565988968606478
MNXM394_c,500.0066390874563
MNXM394_e,0.0
MNXM394_m,0.004174592541631298
MNXM394_n,500.000065455
MNXM39555_e,0.0
MNXM396_m,0.0006448292286279769
MNXM397_c,0.0009114467586007593
MNXM397_e,0.0
MNXM398_c,0.002502369293139047
MNXM398_e,500.00125118464655
MNXM398_m,500.00125118464655
MNXM3995_c,0.00021923077075011607
MNXM3995_e,0.00021923077075011607
MNXM3995_r,0.0004308656216980341
MNXM39_c,1000.0170211542356
MNXM39_e,0.013418702339823754
MNXM39_m,500.00007189016134
MNXM39_r,500.00024820975506
MNXM3_c,3000.485527940999
MNXM3_e,500.0018965294923
MNXM3_l,0.0
MNXM3_m,0.07360693881240893
MNXM3_n,500.0002472310427
MNXM3_r,1000.0016337425104
MNXM3_x,1000.0037963119057
MNXM4002_e,0.0
MNXM400_c,0.036606277281896415
MNXM400_e,0.03529265677105582
MNXM401_c,0.002859246631450545
MNXM401_e,0.0
MNXM401_m,0.0
MNXM402_e,0.0
MNXM4036_c,0.00033778119430731036
MNXM4036_m,0.00033778119430730993
MNXM404_c,0.005657502505095013
MNXM404_e,0.0
MNXM404_m,0.0057092277219697035
MNXM405_c,500.01570622569835
MNXM405_m,500.01570622569835
MNXM407_c,500.00040706510333
MNXM4080_c,0.007006476933905005
MNXM4080_e,0.0
MNXM4080_l,0.007006476933905005
MNXM4080_m,0.0
MNXM4098_c,500.0
MNXM4098_e,0.00013975032150474577
MNXM4098_l,500.0008028046539
MNXM40_c,0.0026200544928172836
MNXM40_m,0.0006922826776855214
MNXM40_x,1.3641788899477862e-06
MNXM41007_c,1000.0
MNXM41007_e,500.0
MNXM41007_g,500.0
MNXM41010_g,0.0
MNXM41051_c,1000.0
MNXM41051_e,500.0
MNXM41051_g,500.0
MNXM41053_g,1.6617519166802017e-05
MNXM41056_g,2.6101964125165222e-05
MNXM410_c,0.0039265564245820565
MNXM411_c,0.04595269738615911
MNXM411_m,0.009541925809442967
MNXM411_n,0.0
MNXM41295_g,1.6617519166801956e-05
MNXM41297_c,1000.0
MNXM41297_e,500.0
MNXM41297_g,500.0
MNXM412_c,0.006516113539638933
MNXM41303_c,1000.0
MNXM41303_e,500.0
MNXM41303_g,500.00000830875956
MNXM41357_c,1000.0
MNXM41357_e,500.0
MNXM41357_g,500.0
MNXM41358_g,0.0
MNXM41359_g,1.6617519166801956e-05
MNXM41360_g,2.6101964125165222e-05
MNXM414_c,0.0039265564245820565
MNXM41517_c,1000.0
MNXM41517_e,500.0
MNXM41517_g,500.0
MNXM41533_e,0.0
MNXM4157_e,0.0
MNXM415_c,0.0014256183818408229
MNXM416_c,0.0029516682560710656
MNXM417_c,0.032433650102714526
MNXM4183_m,0.003170599886764796
MNXM419_c,0.0034783053757076964
MNXM419_e,0.0
MNXM41_c,0.010491481650388523
MNXM41_e,2.505961172131783
MNXM41_g,0.0010490932283827598
MNXM41_l,0.0
MNXM41_r,0.005198162793517284
MNXM420_c,0.006389595554036037
MNXM420_e,0.0
MNXM420_m,0.0006901049511971549
MNXM4211_c,0.0008021757762503557
MNXM4211_e,0.0
MNXM4211_m,0.00033778119430731
MNXM4211_x,0.0012204612305383063
MNXM422_c,0.0019155143313103582
MNXM422_e,0.0
MNXM422_m,0.042295213315453495
MNXM423_c,0.008153039247812957
MNXM423_e,0.0
MNXM4242_c,0.0019377010318223792
MNXM425_c,500.0058059404116
MNXM427_c,0.010326355373324232
MNXM429_c,0.011740358909057119
MNXM429_r,0.00354738545955518
MNXM42_c,0.011533378093877202
MNXM42_e,0.025865299091025043
MNXM42_l,0.0
MNXM42_m,0.006300207543788738
MNXM430_c,500.00146198448334
MNXM430_r,0.0004308656216980341
MNXM430_x,500.00146198448334
MNXM431_c,500.0010835637489
MNXM431_x,500.0011893639463
MNXM432_c,0.0
MNXM4339_e,0.0
MNXM435_c,0.00037813580429656157
MNXM435_m,0.0
MNXM436_c,0.024930092778640663
MNXM436_m,500.0088936537007
MNXM436_n,0.0
MNXM43758_c,0.0008141302066564139
MNXM4377_c,0.0
MNXM43842_g,0.0
MNXM43847_g,0.0
MNXM439_c,0.003444427945755224
MNXM439_e,0.0
MNXM439_m,0.007922302281309492
MNXM43_c,0.09961034944736773
MNXM43_e,500.09961034944735
MNXM441_c,0.008724595489330116
MNXM441_e,5.219430628095083e-05
MNXM441_x,7.9811980965261e-05
MNXM44319_c,500.0
MNXM44319_e,0.0
MNXM44319_m,9.204977521903857e-05
MNXM44319_n,500.0000920497752
MNXM4447_g,0.0
MNXM446_m,0.0011072348905805402
MNXM449_c,0.0029157431900418106
MNXM450_c,0.0010741514858133457
MNXM450_e,0.0010741514858133457
MNXM452_c,0.022354654667210087
MNXM452_m,0.0028174216205880155
MNXM453_c,0.002689310008109004
MNXM454_c,0.0034783053757076964
MNXM456_c,0.0026893100081090042
MNXM457_m,0.00010284336498632573
MNXM458_c,0.012511846465695234
MNXM458_e,0.012511846465695234
MNXM4594_e,0.01351192432243665
MNXM4598_c,1000.0
MNXM4598_e,500.0
MNXM4598_g,1.6831958763218604e-06
MNXM4598_l,500.0
MNXM45_c,0.0022442207106319347
MNXM45_g,0.00026036181281808684
MNXM4602_e,0.0
MNXM460_e,0.0
MNXM461_e,0.0
MNXM46271_e,0.0
MNXM462_c,1.81796807585228e-06
MNXM462_e,1.81796807585228e-06
MNXM46301_e,0.0
MNXM463_c,0.002689310008109004
MNXM464_c,500.0000514216825
MNXM464_m,500.0000514216825
MNXM46578_r,0.00047871069905287464
MNXM46582_r,0.00043086562169803415
MNXM46583_r,0.00043086562169803415
MNXM465_c,0.0
MNXM465_e,0.0
MNXM467_c,0.0036571283497998314
MNXM468_e,0.0
MNXM46953_e,0.0
MNXM469_c,0.0012893491741928051
MNXM469_e,0.0
MNXM46_c,0.001985555600848077
MNXM46_m,0.026028327092008155
MNXM4704_g,0.0
MNXM4708_c,0.004979377298277791
MNXM470_m,0.0006078360902403799
MNXM471_m,5.172521687469089e-05
MNXM473_c,1.2235752992425554e-06
MNXM477_c,0.024986474841523464
MNXM477_m,0.024986474841523464
MNXM4788_c,0.0
MNXM4788_e,0.0
MNXM4789_c,3.0784988838847646e-06
MNXM4789_e,3.0784988838847646e-06
MNXM479_c,0.00042739140690931614
MNXM47_c,0.004172365279194299
MNXM47_g,0.0007631196149320326
MNXM47_r,0.000614843510122609
MNXM4801_c,500.0018141492044
MNXM4801_m,500.0
MNXM4815_m,0.0017635629220685161
MNXM481_c,500.0179227400961
MNXM481_l,500.0179227400961
MNXM481_m,0.0
MNXM482_r,0.0004964195100792624
MNXM482_x,0.0
MNXM4834_e,0.0
MNXM483_c,0.0014256183818408229
MNXM48596_c,0.0003219334122009903
MNXM48596_e,0.0
MNXM4868_c,0.00033778119430731123
MNXM4868_m,0.00033778119430731015
MNXM486_c,0.0
MNXM486_m,0.002721163696906703
MNXM486_x,0.0007560666485952601
MNXM487_c,500.01127109887625
MNXM487_e,0.0
MNXM487_r,500.00017330125854
MNXM48845_e,0.0
MNXM49016_e,0.0
MNXM491_c,0.001124918447238501
MNXM491_n,0.0
MNXM492_c,500.0172649903851
MNXM492_e,0.0
MNXM492_m,9.748797413081342e-05
MNXM492_n,500.0
MNXM495_c,0.008153039247812957
MNXM495_e,0.0
MNXM4967_m,0.0
MNXM4968_c,0.017516585051973326
MNXM4968_e,0.017516585051973326
MNXM496_c,9.15713486188268e-05
MNXM497_c,6.117876496212777e-07
MNXM498_c,0.007988006512799628
MNXM498_m,0.006300207543788738
MNXM4997_c,500.00022590084455
MNXM49_c,0.0028375092879858455
MNXM49_g,0.0005207236256361712
MNXM4_c,2000.0500417339854
MNXM4_e,1000.0
MNXM4_m,500.0381583728425
MNXM4_r,500.0021086309102
MNXM4_x,500.0066283793025
MNXM502_c,0.0
MNXM5042_c,500.0005936100004
MNXM5042_e,500.0005936100004
MNXM504_m,5.17252168746908e-05
MNXM505_m,0.0
MNXM507_c,0.002689310008109004
MNXM510_c,1500.0145166729862
MNXM510_e,500.0
MNXM511_c,0.0022469386743909883
MNXM511_m,0.005894667787821306
MNXM51465_c,500.0
MNXM51465_x,500.0
MNXM51466_c,0.0
MNXM51466_e,0.0
MNXM51466_x,0.0
MNXM51468_e,0.0
MNXM5157_e,0.0
MNXM5165_c,1000.0
MNXM5165_g,500.0
MNXM5165_l,500.0
MNXM5169_c,0.0013079208156080704
MNXM5169_g,0.0013079208156080704
MNXM5169_l,0.0
MNXM5169_r,0.0013079208156080704
MNXM516_c,8.54389665839346e-05
MNXM51766_e,0.0
MNXM5177_e,0.0
MNXM5177_l,0.0008369591629020117
MNXM5179_g,2.6101964125165283e-05
MNXM51892_c,0.0
MNXM51892_m,0.0
MNXM519_c,0.0
MNXM51_c,0.0225876627251218
MNXM51_e,0.0
MNXM51_m,0.002935264482328542
MNXM51_n,0.0
MNXM5213_c,500.000880020353
MNXM5213_e,500.00123122500605
MNXM521_c,0.012511846465695234
MNXM521_e,0.012511846465695234
MNXM522_c,500.0
MNXM524_m,0.004477874335554272
MNXM526_e,0.0
MNXM5273_c,500.00166819423265
MNXM5273_e,500.0
MNXM5273_m,0.0001028433649863257
MNXM5286_c,0.00023935534952643732
MNXM5287_c,500.0015311948447
MNXM5287_m,500.0
MNXM528_c,0.000802804653899112
MNXM52_c,500.00497044176427
MNXM52_e,0.0
MNXM52_r,500.0006539604078
MNXM5310_e,0.0
MNXM531_r,0.0
MNXM532_c,0.0008870680066770765
MNXM5332_e,0.0
MNXM533_e,0.0
MNXM534_c,500.00295166825606
MNXM534_e,0.0014758341280355328
MNXM534_r,500.0
MNXM537_m,0.23668830436131602
MNXM53_c,0.11668210750171705
MNXM53_e,0.12087651405204494
MNXM53_l,0.0
MNXM540_c,0.0014724513398912437
MNXM5419_e,0.0
MNXM541_c,0.001502214773366332
MNXM5422_c,0.0034962148790456766
MNXM5422_e,0.0
MNXM5422_l,0.0034962148790456766
MNXM5422_m,0.0
MNXM5427_c,500.0000521943063
MNXM5427_e,5.219430628095083e-05
MNXM5427_r,500.0000521943063
MNXM543_c,1000.0
MNXM543_e,500.0
MNXM543_m,500.0
MNXM543_r,0.0006612458712026068
MNXM546_c,0.0026405375597992747
MNXM546_e,0.0
MNXM546_m,500.0006482721089
MNXM547_c,0.0039265564245820565
MNXM548_c,0.0034783053757076964
MNXM548_e,0.0
MNXM550_c,0.0007594337802965653
MNXM5516_m,0.0
MNXM55250_e,0.0
MNXM553_c,0.00033778119430730906
MNXM553_m,0.0033129524697669112
MNXM553_x,0.00033778119430731004
MNXM55458_e,0.0
MNXM554_c,0.015706225698328226
MNXM5589_m,0.0
MNXM559_c,0.0013883842053784173
MNXM55_c,1000.1190136968542
MNXM55_e,0.11546574635748302
MNXM55_l,0.0
MNXM55_m,0.0
MNXM56344_e,0.0
MNXM56353_c,0.011032445856027473
MNXM56353_m,0.002954068628253023
MNXM56437_c,0.0003377811943073097
MNXM56437_e,0.0
MNXM56437_x,0.00033778119430731004
MNXM564_c,0.001244585269189758
MNXM565_c,0.003300498537394136
MNXM56612_c,0.0
MNXM5661_c,500.0079277642972
MNXM5661_m,500.0000514216825
MNXM567_c,0.0014892585302377845
MNXM567_x,0.0014892585302377845
MNXM56871_e,0.0
MNXM568_c,0.002689310008109004
MNXM569_m,0.004477874335554268
MNXM56_c,1000.005944085236
MNXM56_e,0.0
MNXM56_m,500.0000514216825
MNXM570_e,0.0
MNXM572_c,0.03232852064488033
MNXM572_m,0.009973865977670242
MNXM575_c,0.001799011104604743
MNXM575_m,0.0021906923845065934
MNXM576_c,0.0004518016891500061
MNXM5779_c,0.0035032384669525024
MNXM5779_e,0.0
MNXM5779_l,0.0035032384669525024
MNXM5779_m,0.0
MNXM5780_c,0.0035032384669525024
MNXM5780_e,0.0
MNXM5780_l,0.0035032384669525024
MNXM5780_m,0.0
MNXM58018_e,0.0
MNXM580_m,0.0020393413298353535
MNXM580_x,0.0007560666485952601
MNXM581_c,500.00016889059714
MNXM581_m,0.0009147272984176718
MNXM581_r,0.000430865621698034
MNXM581_x,500.00085071296417
MNXM58377_n,0.0
MNXM5842_c,0.0
MNXM587_c,0.002627241021681191
MNXM589_c,500.0189050355369
MNXM589_e,0.0
MNXM58_c,500.0606826976701
MNXM58_e,0.02964355879219197
MNXM58_l,500.0021462939198
MNXM58_m,0.027531687318565666
MNXM591_r,0.0004964195100792624
MNXM5930_c,1000.0009304663488
MNXM5930_g,500.0
MNXM5930_l,500.0008028046539
MNXM595_r,0.00011713662091861738
MNXM59674_e,0.0
MNXM5989_c,1000.0
MNXM5989_e,500.0
MNXM59988_c,1000.0160015546816
MNXM59988_e,0.01600155468151462
MNXM5_c,0.11970978855449219
MNXM5_e,0.0
MNXM5_m,0.12187952953234309
MNXM5_r,500.0493451053433
MNXM5_x,0.014908339108882594
MNXM6005_e,0.0
MNXM60179_c,0.00033778119430731015
MNXM60179_m,0.00033778119430730993
MNXM60191_c,500.0
MNXM60191_r,500.00023935534955
MNXM60191_x,0.00023935534949259818
MNXM603_c,0.00042739140690931614
MNXM604_c,5.8568310459308705e-05
MNXM604_m,500.0
MNXM604_r,0.0
MNXM604_x,500.00011713662093
MNXM6054_e,0.0
MNXM607_c,0.002689310008109004
MNXM608_m,0.021452636737961245
MNXM6098_e,0.0
MNXM609_m,0.004477874335554268
MNXM61016_e,0.0
MNXM610_m,500.0000058162489
MNXM610_r,500.0000058162489
MNXM61167_e,0.0
MNXM614_e,0.0
MNXM6163_g,0.0
MNXM617_c,500.00269427606503
MNXM617_e,500.0049233197723
MNXM617_m,0.0002709562927224093
MNXM61_c,0.05103050131171946
MNXM61_e,0.0738889719616917
MNXM61_l,0.0
MNXM61_m,0.0
MNXM6211_e,0.0
MNXM623_c,500.0
MNXM623_e,0.0
MNXM623_r,500.0
MNXM625_c,0.0014528761514038782
MNXM625_e,0.0007264380757019392
MNXM6264_c,500.0000447916683
MNXM6264_e,4.479166830151371e-05
MNXM6264_r,500.0000447916683
MNXM6266_c,0.0
MNXM6266_e,0.0
MNXM6274_g,0.0005613892971640581
MNXM6283_r,0.0
MNXM6303_e,0.0
MNXM63049_c,0.0
MNXM6304_l,0.0014308626131775567
MNXM6332_c,0.0
MNXM6332_e,0.0
MNXM63556_c,0.01333549454421942
MNXM6358_c,500.0005936100004
MNXM6358_e,500.0005936100004
MNXM635_c,0.0004746759996709916
MNXM635_e,0.0002346188871538038
MNXM6369_e,0.0
MNXM637_c,3.0784988838847646e-06
MNXM637_e,3.0784988838847646e-06
MNXM638_c,0.00047871069898519636
MNXM638_r,0.0004787106990528747
MNXM638_x,0.00047871069898519636
MNXM63_c,500.02198972192383
MNXM63_e,0.0
MNXM63_m,0.00010284336498632494
MNXM63_n,500.00215512645076
MNXM64174_e,0.0
MNXM642_c,0.0
MNXM642_m,0.0
MNXM642_x,0.0007560666485952601
MNXM643_c,0.0
MNXM643_m,0.00011713662091861734
MNXM6447_c,500.0
MNXM6447_e,0.0
MNXM6447_r,500.0
MNXM646_c,0.002482951824920202
MNXM647_c,500.00328880966873
MNXM647_e,0.0
MNXM647_m,500.0006482721089
MNXM65090_c,500.00016889059714
MNXM65090_x,0.00033778119430731015
MNXM65151_c,0.0006755623886146201
MNXM65151_e,0.0
MNXM65151_m,0.0006755623886146199
MNXM65151_x,0.00033778119430731
MNXM65156_e,0.0
MNXM6529_e,0.0
MNXM654_c,0.0
MNXM654_m,0.0005917887728602076
MNXM654_x,0.0006818223670713493
MNXM659_e,0.0
MNXM6609_c,500.0004468366954
MNXM6609_e,500.0001330593456
MNXM660_c,1.2235752992424809e-06
MNXM661_c,0.00010438861256190167
MNXM661_e,0.00010438861256190167
MNXM662_e,0.0
MNXM663_c,500.0102597141018
MNXM663_e,500.0102597141018
MNXM665_c,500.0096335701181
MNXM665_e,0.0
MNXM665_n,500.0
MNXM6691_m,0.03141245139665645
MNXM669_e,0.0
MNXM66_c,500.0018667759168
MNXM66_m,500.000597847584
MNXM674_m,0.001447552556975146
MNXM674_x,0.0006818223670713492
MNXM6764_e,0.0
MNXM677_m,0.0013575189627640042
MNXM677_x,0.0006818223670713493
MNXM683_c,0.025532044861966294
MNXM683_e,0.019841026757954995
MNXM684_x,0.0003201506167442858
MNXM685_c,500.0
MNXM687_c,0.017264990385133072
MNXM689_c,0.0014892585302377845
MNXM689_x,0.0014892585302377845
MNXM6902_n,0.0
MNXM690_e,0.0
MNXM691_c,0.0063866164850435855
MNXM694_e,0.0
MNXM695_r,0.000496419510079258
MNXM6987_c,1000.0
MNXM6987_e,500.0
MNXM6987_g,500.0
MNXM6988_c,1000.0
MNXM6988_e,500.0
MNXM6988_g,500.0
MNXM69_c,500.00137593174344
MNXM69_x,500.0
MNXM6_c,0.11970978855449219
MNXM6_m,0.12187952953234309
MNXM6_r,500.0493451053433
MNXM6_x,0.014908339108882594
MNXM700_c,9.15713486188268e-05
MNXM701_m,0.00447787433555427
MNXM704_c,0.0015182517383343225
MNXM704_e,0.0
MNXM704_n,0.0
MNXM7051_c,1000.0
MNXM7051_g,500.0
MNXM7051_l,500.0
MNXM705_m,0.0006818223670713493
MNXM705_x,0.0006818223670713493
MNXM7068_c,500.0
MNXM7068_e,0.0
MNXM7068_r,500.0
MNXM706_m,0.0006818223670713493
MNXM7077_c,0.0
MNXM7077_m,0.0
MNXM707_m,0.002721163696906703
MNXM707_x,0.0006818223670713493
MNXM708_c,0.0063866164850435855
MNXM709_c,500.00005856831046
MNXM709_m,500.00005856831046
MNXM70_c,0.012106044874293979
MNXM70_e,0.03148259192187136
MNXM70_l,0.0007511128056923862
MNXM70_m,0.0027654054914827216
MNXM7102_e,0.0
MNXM710_c,1000.0
MNXM710_r,500.0087198843776
MNXM713_c,0.0
MNXM7161_c,500.0005936100004
MNXM7161_e,500.0005936100004
MNXM7169_e,0.0
MNXM7170_e,0.0
MNXM7172_e,0.0
MNXM7174_e,0.0
MNXM717_m,0.0006818223670713493
MNXM7200_g,0.0
MNXM7200_l,0.0007154313065887782
MNXM721_c,8.54389665839346e-05
MNXM7256_e,0.0
MNXM726_c,500.0022904100785
MNXM73314_e,0.0
MNXM733_m,0.0006818223670713493
MNXM733_x,0.0006818223670713492
MNXM736_c,1000.0
MNXM7370_g,1.6831958763218875e-06
MNXM738_m,0.0006818223670713493
MNXM738_x,0.0006818223670713493
MNXM739_m,0.0
MNXM73_c,0.0631622802682209
MNXM73_m,0.04712886141841674
MNXM7401_r,0.0
MNXM7405_c,1000.0
MNXM7405_e,500.0
MNXM7405_g,500.00047404786426
MNXM7406_g,0.00015771120395097205
MNXM740_r,0.0
MNXM743_c,0.0003781358042965644
MNXM7449_r,0.000496419510079258
MNXM7463_e,0.0
MNXM7463_g,8.67872709393621e-05
MNXM7463_l,0.000695834022657066
MNXM7464_e,0.0
MNXM7464_g,0.0
MNXM7464_l,1.9597283931712555e-05
MNXM7481_e,0.0
MNXM748_c,500.00032015061674
MNXM748_x,500.00032015061674
MNXM750_e,0.0
MNXM753_m,0.0029751712754596035
MNXM757_m,0.0006818223670713492
MNXM75_c,1000.001881080775
MNXM75_e,0.0
MNXM75_m,500.0
MNXM75_r,500.0
MNXM761_e,0.0
MNXM762_e,0.0
MNXM766_m,0.0006818223670713492
MNXM767_m,0.002721163696906703
MNXM767_x,0.0006818223670713492
MNXM7699_c,0.00098816093777917
MNXM7699_x,0.001976321875601783
MNXM76_c,0.044706944780366915
MNXM76_e,0.06388624120996589
MNXM76_l,0.0
MNXM76_m,0.0
MNXM7702_c,3.0784988838847646e-06
MNXM7702_e,3.0784988838847646e-06
MNXM7703_c,1.81796807585228e-06
MNXM7703_e,1.81796807585228e-06
MNXM7769_g,1.6831958763218803e-06
MNXM777_c,500.00023935534955
MNXM777_e,500.0
MNXM7789_c,1000.0
MNXM7789_g,500.0
MNXM7789_l,500.0
MNXM7791_g,0.0015240995051189932
MNXM77_c,0.011437988111117368
MNXM77_e,0.0
MNXM78287_c,3.0784988838847646e-06
MNXM78287_e,3.0784988838847646e-06
MNXM78290_c,3.0784988838847646e-06
MNXM78290_e,3.0784988838847646e-06
MNXM78292_c,1.81796807585228e-06
MNXM78292_e,1.81796807585228e-06
MNXM78294_c,3.0784988838847646e-06
MNXM78294_e,3.0784988838847646e-06
MNXM78295_c,1.9194101674046725e-06
MNXM78295_e,1.9194101674046725e-06
MNXM78297_c,3.0784988838847646e-06
MNXM78297_e,3.0784988838847646e-06
MNXM78362_c,500.0045758160641
MNXM78362_e,0.003099981936114479
MNXM78362_m,500.00196327821226
MNXM784_c,0.0
MNXM784_m,0.0006818223670713491
MNXM786_e,0.0
MNXM786_m,0.0
MNXM787_c,500.0
MNXM787_m,0.0
MNXM787_r,500.0
MNXM788_c,500.0
MNXM789_c,0.004630501144161445
MNXM78_c,500.0094946461867
MNXM78_e,0.030745749067623646
MNXM78_l,0.0
MNXM78_m,0.0011138437226957986
MNXM78_n,500.0000920497752
MNXM78_x,0.0
MNXM7938_e,0.0
MNXM7939_c,1000.0
MNXM7939_e,500.0
MNXM7939_g,500.0
MNXM793_c,0.005074338744648169
MNXM793_e,0.002622504679280697
MNXM7940_c,1000.0
MNXM7940_e,500.0
MNXM7940_g,500.0
MNXM7941_e,0.0
MNXM7942_c,1000.0
MNXM7942_e,500.0
MNXM7942_g,500.0
MNXM7988_c,500.0004468366954
MNXM7988_e,500.0001330593456
MNXM79_c,1000.0191604344823
MNXM79_e,0.0
MNXM79_l,500.003503238467
MNXM79_m,500.00253403757984
MNXM7_c,1000.4885742857867
MNXM7_e,0.0
MNXM7_l,0.0
MNXM7_m,0.07755209600073973
MNXM7_r,500.0
MNXM7_x,500.00223388779534
MNXM801_e,0.0
MNXM8082_e,0.0
MNXM808_c,0.0
MNXM808_r,0.0
MNXM80_c,1000.0237229925037
MNXM80_e,0.00423021621305515
MNXM80_g,0.012119171979079125
MNXM80_n,0.0
MNXM80_r,1000.0015080534491
MNXM810_r,0.0034226457073986034
MNXM81220_m,0.00023121099760320724
MNXM81221_m,0.0005773025571531483
MNXM81222_m,0.0005793018885392458
MNXM812_c,5.8568310464579554e-05
MNXM812_e,0.0
MNXM812_m,5.856831045930867e-05
MNXM8131_x,0.0
MNXM81337_m,0.002205788092456908
MNXM813_c,0.23564430709208373
MNXM813_m,0.23564430709208373
MNXM8181_c,500.0
MNXM8181_e,0.0
MNXM8181_r,500.0
MNXM8202_e,0.0
MNXM82326_e,0.0
MNXM825_m,0.0006818223670713492
MNXM825_x,0.0006818223670713492
MNXM82716_c,0.0
MNXM82716_m,0.0
MNXM827_x,0.00011713662091861763
MNXM82_c,8.54389665839346e-05
MNXM830_r,0.0034226457073986034
MNXM8317_e,0.0
MNXM8358_c,500.0
MNXM8358_r,500.0000431777627
MNXM8358_x,4.317776266211942e-05
MNXM837_c,500.0
MNXM837_r,500.0008617312434
MNXM83844_c,0.0
MNXM83844_e,0.0
MNXM83844_m,0.0
MNXM83_c,500.00223388779534
MNXM83_x,500.0007446292651
MNXM8440_c,500.0
MNXM8440_e,0.0
MNXM8440_m,500.0069442976013
MNXM8447_g,0.00017357454187872515
MNXM849_c,1000.0
MNXM849_m,500.0
MNXM849_r,500.0
MNXM84_c,2000.0605460613708
MNXM84_e,500.02332519731203
MNXM84_m,500.01036747414076
MNXM84_n,500.0
MNXM84_x,500.0
MNXM852_r,0.00011713662091861752
MNXM8543_c,0.0014969967565714927
MNXM8553_e,0.0
MNXM8598_g,500.0
MNXM8598_l,500.0014308626132
MNXM859_c,1000.0
MNXM859_e,500.0
MNXM859_m,500.0
MNXM8618_c,1000.0
MNXM8618_e,500.0
MNXM8618_g,500.0
MNXM8628_c,1000.0
MNXM8628_e,500.0
MNXM8628_g,500.0
MNXM8629_c,1000.0
MNXM8629_e,500.0
MNXM8629_g,500.0
MNXM8633_e,0.0
MNXM8636_g,0.0005613892971640581
MNXM8638_c,1000.0
MNXM8638_e,500.0
MNXM8638_g,500.000078855602
MNXM8639_e,0.0
MNXM8669_e,0.0
MNXM867_c,0.0
MNXM867_m,5.856831045930867e-05
MNXM8681_c,0.0
MNXM8681_e,0.0
MNXM8685_g,0.0005444176353247513
MNXM8689_c,1000.0
MNXM8689_e,500.0
MNXM8689_g,500.000078855602
MNXM8690_e,0.0
MNXM8691_e,0.0
MNXM8692_g,0.00015771120395097256
MNXM8693_e,0.0
MNXM8694_g,0.0005444176353247513
MNXM8695_g,0.0004036780932130863
MNXM86_c,1000.0044491604991
MNXM86_m,500.0096227517407
MNXM86_x,500.0027328185903
MNXM870_c,500.01741782123486
MNXM87150_e,0.0
MNXM8716_c,0.0
MNXM8716_m,0.002616287433945713
MNXM87228_e,0.0
MNXM8725_e,0.0
MNXM8728_c,1000.0
MNXM8728_e,500.0
MNXM8728_g,500.0
MNXM872_m,0.0014954365339846102
MNXM873_x,0.00011713662091861763
MNXM87584_c,4.780833462027081e-06
MNXM87584_e,4.780833462027081e-06
MNXM87584_m,0.03255135478501811
MNXM87615_c,0.00033778119430731015
MNXM87615_m,0.00033778119430730993
MNXM8779_c,1000.0
MNXM8779_e,500.0
MNXM8779_g,500.0
MNXM8784_e,0.0
MNXM87_c,500.0002392495311
MNXM87_r,500.0002392495311
MNXM8807_l,0.0013916680453141322
MNXM8808_l,0.0014308626131775562
MNXM8809_l,0.0014308626131775562
MNXM8810_l,3.9194567863425e-05
MNXM8833_c,1000.0
MNXM8833_e,500.0
MNXM8833_g,500.0
MNXM8835_c,1000.0
MNXM8835_e,500.0
MNXM8835_g,500.0
MNXM88382_c,0.0
MNXM88382_e,0.0
MNXM8844_e,0.0
MNXM8851_c,0.0005659087193988352
MNXM885_c,1000.025535038762
MNXM885_e,500.0066300032252
MNXM886_e,0.0
MNXM88_c,1000.016630337413
MNXM88_m,1500.0013081437169
MNXM88_r,0.0005997562188516875
MNXM88_x,0.0037276244959560684
MNXM89557_c,500.20373896308945
MNXM89557_e,0.04477033462787293
MNXM89557_l,0.06301615087770408
MNXM89557_m,0.0487517592378529
MNXM8956_c,0.007418092312662111
MNXM8956_m,0.0032918498225603327
MNXM89582_c,500.0046084879336
MNXM89582_e,500.0
MNXM89588_c,0.004122509407178319
MNXM89588_e,0.0
MNXM89602_c,0.006936604603799208
MNXM89602_e,0.002395155341986845
MNXM89602_l,0.003577156532943892
MNXM89612_c,500.0
MNXM89612_e,0.0
MNXM89612_m,500.0
MNXM89629_c,0.06357231218341873
MNXM89658_c,0.0036864126281495307
MNXM89661_c,500.215472429284
MNXM89661_m,0.2620652929057466
MNXM89661_x,500.01456742792533
MNXM89689_c,0.009515655816773945
MNXM89689_e,0.00495377770238596
MNXM89689_m,0.005114665765195561
MNXM89724_c,500.00350983346067
MNXM89724_g,0.004225264767259299
MNXM89724_l,500.0007154313066
MNXM89795_c,0.010513761136802283
MNXM89795_g,0.007130787596887792
MNXM898_r,0.0006612458712026068
MNXM89905_c,500.00023346682855
MNXM89905_m,500.00023346682855
MNXM89955_m,500.02114760665773
MNXM8_c,3000.123398125217
MNXM8_e,0.0
MNXM8_m,0.150592874996315
MNXM8_n,500.0001725286732
MNXM8_r,0.000872504159649643
MNXM8_x,0.0060624055690761585
MNXM90003_c,0.002689310008109004
MNXM9017_c,500.0003929024705
MNXM9017_e,500.0004742820971
MNXM90191_c,0.01199101383696118
MNXM90267_c,0.0032306892488491515
MNXM90279_c,500.0
MNXM90279_e,500.0
MNXM90341_m,3.6993138415484725e-05
MNXM90394_c,9.15713486188268e-05
MNXM90428_c,0.0015898954257144242
MNXM904_c,9.586289987196897e-05
MNXM904_e,9.586289987196897e-05
MNXM90514_c,0.001224562158310236
MNXM90540_c,1000.0
MNXM90540_g,500.00130792081563
MNXM90540_l,500.0
MNXM90654_c,0.0019695660173204843
MNXM9074_c,0.0
MNXM9074_m,0.0
MNXM9075_c,0.0
MNXM9075_m,0.0
MNXM9076_c,500.0002154328109
MNXM9076_e,500.00187061656584
MNXM9077_c,0.002616287433945713
MNXM9077_m,0.002616287433945713
MNXM90922_r,0.0
MNXM90922_x,0.00011713662091861752
MNXM9096_m,0.0010583575300790432
MNXM909_c,0.023982027673922362
MNXM90_c,1000.0059367776217
MNXM90_e,0.0028144495688370835
MNXM90_g,500.0000514216825
MNXM90_m,0.00010284336498632573
MNXM90_r,500.0000514216825
MNXM9103_c,500.0
MNXM9103_x,500.0
MNXM9107_c,1000.0
MNXM9107_e,500.0
MNXM9107_g,500.00000084159797
MNXM9108_c,1000.0
MNXM9108_e,500.0
MNXM9108_g,500.0
MNXM91105_c,0.0
MNXM91124_c,0.0
MNXM91124_x,0.0004182854542879509
MNXM9115_c,0.0
MNXM9115_e,0.0
MNXM911_x,0.0
MNXM91318_g,1.683195876321826e-06
MNXM91342_g,4.27194832919673e-05
MNXM91405_m,0.0
MNXM91597_g,0.0007021288392757235
MNXM915_c,9.15713486188268e-05
MNXM916_x,0.0
MNXM9170_c,500.0002154328109
MNXM9170_e,500.00033942172115
MNXM91778_x,0.0
MNXM9181_e,0.0
MNXM9197_c,1000.0
MNXM9197_e,500.0
MNXM9197_g,500.0000130509821
MNXM91_c,0.008588359874738907
MNXM91_e,0.0007813512068591873
MNXM9200_c,1000.0
MNXM9200_e,500.0
MNXM9200_m,500.0069442976013
MNXM9221_c,1000.0
MNXM9221_e,500.0
MNXM9221_g,500.0
MNXM92326_g,0.0005444176353247513
MNXM92361_g,0.00015771120395097253
MNXM92362_g,0.00015771120395097253
MNXM92401_e,0.0
MNXM925_c,0.00324327243621209
MNXM925_m,0.0
MNXM92705_g,0.0
MNXM927_c,500.0009322697216
MNXM927_e,0.0
MNXM92_c,0.00016889059715365518
MNXM92_m,0.032714794234794974
MNXM92_x,0.000418285454287951
MNXM931_c,0.0018751894652449265
MNXM931_x,0.0028633504030240965
MNXM935_c,0.004329385833402735
MNXM935_e,0.0021646929167013673
MNXM93_c,0.05935381342714369
MNXM93_m,0.05506337463713133
MNXM941_r,0.0004964195100792582
MNXM9429_x,0.00034091118353567467
MNXM942_c,500.00005856831046
MNXM942_r,500.00005856831046
MNXM9469_g,1.6617519166801956e-05
MNXM9474_g,0.0
MNXM9475_g,0.0
MNXM9476_g,2.6101964125165283e-05
MNXM9477_g,2.6101964125165222e-05
MNXM947_m,0.0006818223670713493
MNXM94_c,0.04242123132867362
MNXM94_e,0.06711962198837396
MNXM94_l,0.0
MNXM950_c,0.00021923077075011613
MNXM950_e,0.00021923077075011613
MNXM950_r,0.0004308656216980341
MNXM952_c,0.01199101383696118
MNXM954_c,0.0
MNXM954_m,0.0
MNXM9599_c,5.8568310464579554e-05
MNXM9599_n,0.0
MNXM95_c,0.0054292566669235836
MNXM95_e,500.0054292566669
MNXM964_c,500.01576812581004
MNXM964_e,500.0
MNXM96530_c,500.0402362795175
MNXM96530_e,0.038926252271053306
MNXM96530_m,500.00011596557187
MNXM966_c,1000.0
MNXM966_e,500.0
MNXM966_r,500.0000058162489
MNXM96768_c,0.0
MNXM96993_c,0.009104770582845437
MNXM96993_m,0.00178172089309101
MNXM97101_r,0.03169159678528566
MNXM97119_r,500.00024820975506
MNXM97271_c,0.0021953142134776074
MNXM972_c,500.0
MNXM972_e,500.0
MNXM97364_c,500.0
MNXM97364_x,500.0
MNXM974_c,500.00021843002435
MNXM974_e,500.00021843002435
MNXM9757_e,0.0
MNXM976_c,500.00027155404496
MNXM976_e,500.00027155404496
MNXM97_c,0.04056336294690294
MNXM97_e,0.06275562244777941
MNXM97_l,0.0
MNXM9802_m,0.0
MNXM9803_m,0.0
MNXM9805_m,0.0
MNXM9849_c,0.0
MNXM9850_c,0.0051204582033701485
MNXM986_c,500.0003409111835
MNXM986_x,500.0
MNXM98_c,0.16198807918158759
MNXM98_e,0.0
MNXM98_m,0.16329951796369196
MNXM991_c,0.00015319025330477574
MNXM991_e,0.00015319025330477574
MNXM992_c,1000.0
MNXM992_e,500.0
MNXM992_m,500.0
MNXM993_e,0.0
MNXM995_e,0.0
MNXM995_r,0.0
MNXM998_m,0.0005773025571531483
MNXM9_c,1000.4866420676286
MNXM9_e,500.0387846871162
MNXM9_g,0.006059585989539562
MNXM9_l,0.017922740096082634
MNXM9_m,0.15424036674529654
MNXM9_n,500.0004944620853
MNXM9_r,0.02172691497805951
MNXM9_x,500.0007446292651
MNXMK_0000_c,1000.0
MNXMK_0000_e,1000.0
MNXMK_0003_x,0.0006818223670713492
MNXMK_0009_e,0.0
MNXMK_0010_e,0.0
MNXMK_0012_x,0.0006818223670713493
MNXMK_0018_e,0.0
MNXMK_0020_e,0.0
MNXMK_0021_e,0.0
MNXMK_0022_e,0.0
MNXMK_0025_e,0.0
MNXMK_0027_e,0.0
MNXMK_0029_e,0.0
MNXMK_0031_e,0.0
MNXMK_0035_c,0.0
MNXMK_0035_e,0.0
MNXMK_0035_x,0.0
MNXMK_0036_c,0.0
MNXMK_0036_x,0.0
MNXMK_0037_x,0.0
MNXMK_0038_c,0.00033778119430731015
MNXMK_0038_e,0.0
MNXMK_0038_x,0.00033778119430731
MNXMK_0039_c,0.0
MNXMK_0039_e,0.0
MNXMK_0039_x,0.0
MNXMK_0043_c,0.0
MNXMK_0045_x,0.0006818223670713493
MNXMK_0047_e,0.0
MNXMK_0048_e,0.0
MNXMK_0049_c,500.0
MNXMK_0049_e,500.0
MNXMK_0049_l,0.0
MNXMK_0050_c,500.0
MNXMK_0050_e,500.0
MNXMK_0050_l,0.0
MNXMK_0050_r,0.0
MNXMK_0051_e,0.0
MNXMK_0051_r,0.0
MNXMK_0052_c,0.0
MNXMK_0052_r,0.0
MNXMK_0053_c,0.0
MNXMK_0053_r,0.0
MNXMK_0054_r,0.0
MNXMK_0055_c,0.0
MNXMK_0055_e,0.0
MNXMK_0055_r,0.0
MNXMK_0056_e,0.0
MNXMK_0057_e,0.0
MNXMK_0058_e,0.0
MNXMK_0059_r,0.000430865621698034
MNXMK_0060_r,0.00043086562169803415
MNXMK_0061_r,0.00043086562169803415
MNXMK_0062_r,0.00043086562169803415
MNXMK_0063_r,0.00043086562169803415
MNXMK_0064_c,0.0
MNXMK_0065_c,0.0
MNXMK_0066_c,0.0
MNXMK_0067_c,0.0
MNXMK_0068_c,0.0
MNXMK_0069_c,0.0
MNXMK_0070_c,0.007006476933905005
MNXMK_0071_c,0.0
MNXMK_0072_c,0.0
MNXMK_0072_e,0.0
MNXMK_0073_c,0.00015319025330477566
MNXMK_0073_e,0.00015319025330477566
MNXMK_0074_c,1.1009250546666055e-05
MNXMK_0074_e,1.1009250546666055e-05
MNXMK_0078_c,500.0003468234283
MNXMK_0078_m,500.00034614133887
MNXMK_0078_x,6.820894449738931e-07
MNXMK_0080_x,7.424428152391063e-05
MNXMK_0086_c,0.0
MNXMK_0086_x,0.00041828545428795075
MNXMK_0087_c,0.0
MNXMK_0087_x,0.0
MNXMK_0091_x,7.424428152391063e-05
MNXMK_0092_c,0.0
MNXMK_0093_e,0.0
